id,amount,type,raw_merchant,transaction_date,merchant_name,category,mcc
1028,204.0,debit,Amazon India,1746469800000,AMAZON INDIA,Shopping,
1021,968.0,debit,RAMDEV MEDICAL,1746729000000,RAMDEV MEDICAL,Health,
1022,1171.0,debit,Blinkit,1746729000000,BLINKIT,Groceries,
1019,559.0,debit,RAMDEV MEDICAL,1746815400000,RAMDEV MEDICAL,Health,
1005,1815.0,debit,Amazon India,1747420200000,AMAZON INDIA,Shopping,
1002,603.0,debit,Blinkit,1747506600000,BLINKIT,Groceries,
1003,344.0,debit,Amazon India,1747506600000,AMAZON INDIA,Shopping,
992,1112.85,debit,Amazon India,1747938600000,AMAZON INDIA,Shopping,
994,79.0,debit,ASTER DM HEALTHCARE LIMITED,1747938600000,ASTER DM HEALTHCARE LIMIT,Health,
995,1119.0,debit,ASTER DM HEALTHCARE LIMITED,1747938600000,ASTER DM HEALTHCARE LIMIT,Health,
996,1200.0,debit,ASTER DM HEALTHCARE LIMITED,1747938600000,ASTER DM HEALTHCARE LIMIT,Health,
987,800.0,debit,Blinkit,1748284200000,BLINKIT,Groceries,
975,2680.0,debit,MYNTRA DESIGNS PRIVATE LIMITED,1748543400000,MYNTRA DESIGNS PRIVATE LI,Shopping,
973,754.0,debit,WWW MYNTRA COM,1748629800000,WWW MYNTRA COM,Shopping,
974,50.0,debit,WWW MYNTRA COM,1748629800000,WWW MYNTRA COM,Shopping,
971,787.0,debit,Blinkit,1748716200000,BLINKIT,Groceries,
967,180.0,debit,RAMDEV MEDICAL,1748889000000,RAMDEV MEDICAL,Health,
968,918.0,debit,RAMDEV MEDICAL,1748889000000,RAMDEV MEDICAL,Health,
961,112.0,debit,WWW MYNTRA COM,1749061800000,WWW MYNTRA COM,Shopping,
956,1004.0,debit,WWW MYNTRA COM,1749234600000,WWW MYNTRA COM,Shopping,
944,184.0,debit,WWW MYNTRA COM,1749925800000,WWW MYNTRA COM,Shopping,
943,361.0,debit,WWW MYNTRA COM,1750098600000,WWW MYNTRA COM,Shopping,
935,505.0,debit,Blinkit,1750357800000,BLINKIT,Groceries,
933,569.0,debit,WWW MYNTRA COM,1750530600000,WWW MYNTRA COM,Shopping,
928,889.0,debit,WWW MYNTRA COM,1750703400000,WWW MYNTRA COM,Shopping,
924,467.0,debit,WWW MYNTRA COM,1750789800000,WWW MYNTRA COM,Shopping,
918,863.0,debit,WWW MYNTRA COM,1751049000000,WWW MYNTRA COM,Shopping,
898,2034.0,debit,WWW MYNTRA COM,1751913000000,WWW MYNTRA COM,Shopping,
899,1945.0,debit,WWW MYNTRA COM,1751913000000,WWW MYNTRA COM,Shopping,
900,110.0,debit,WWW MYNTRA COM,1751913000000,WWW MYNTRA COM,Shopping,
895,249.0,debit,Licious,1752085800000,LICIOUS,Food & Dining,
889,474.0,debit,Amazon India,1752258600000,AMAZON INDIA,Shopping,
884,366.0,debit,Amazon India,1752345000000,AMAZON INDIA,Shopping,
880,250.0,debit,Blinkit,1752431400000,BLINKIT,Groceries,
859,723.0,debit,LICIOUS,1753122600000,LICIOUS,Food & Dining,
827,471.0,debit,Licious,1754332200000,LICIOUS,Food & Dining,
813,893.0,debit,MYNTRA DESIGNS PRIVATE LIMITED,1754937000000,MYNTRA DESIGNS PRIVATE LI,Shopping,
811,364.0,debit,Licious,1755023400000,LICIOUS,Food & Dining,
812,694.0,debit,Licious,1755023400000,LICIOUS,Food & Dining,
804,1001.0,debit,Amazon India,1755369000000,AMAZON INDIA,Shopping,
805,494.0,debit,Amazon India,1755369000000,AMAZON INDIA,Shopping,
801,345.0,debit,RAMDEV MEDICAL,1755541800000,RAMDEV MEDICAL,Health,
780,1113.82,debit,Amazon India,1756405800000,AMAZON INDIA,Shopping,
771,534.0,debit,Licious,1756751400000,LICIOUS,Food & Dining,
764,1200.0,debit,ASTER DM HEALTHCARE LIMITED,1756924200000,ASTER DM HEALTHCARE LIMIT,Health,
737,504.0,debit,Amazon India,1757961000000,AMAZON INDIA,Shopping,
728,1328.0,debit,Amazon India,1758393000000,AMAZON INDIA,Shopping,
710,1535.22,debit,Amazon India,1759170600000,AMAZON INDIA,Shopping,
670,414.0,debit,Amazon India,1760380200000,AMAZON INDIA,Shopping,
669,1270.0,debit,Licious,1760466600000,LICIOUS,Food & Dining,
667,359.0,debit,Licious,1760553000000,LICIOUS,Food & Dining,
647,492.0,debit,Blinkit,1761330600000,BLINKIT,Groceries,
626,446.0,debit,Blinkit,1762108200000,BLINKIT,Groceries,
614,55.0,debit,RAMDEV MEDICAL,1762453800000,RAMDEV MEDICAL,Health,
607,3500.0,debit,ASTER DM HEALTHCARE LIMITED,1762885800000,ASTER DM HEALTHCARE LIMIT,Health,
605,450.0,debit,ASTER DM HEALTHCARE LIMITED,1762972200000,ASTER DM HEALTHCARE LIMIT,Health,
581,504.0,debit,Amazon India,1763577000000,AMAZON INDIA,Shopping,
558,595.0,debit,Licious,1765305000000,LICIOUS,Food & Dining,
506,140.0,debit,Blinkit,1767378600000,BLINKIT,Groceries,
467,496.1,debit,Amazon India,1769020200000,AMAZON INDIA,Shopping,
454,581.0,debit,Amazon India,1769711400000,AMAZON INDIA,Shopping,
451,303.0,debit,Amazon India,1769884200000,AMAZON INDIA,Shopping,
452,1736.0,debit,Amazon India,1769884200000,AMAZON INDIA,Shopping,
446,637.0,debit,Amazon India,1769970600000,AMAZON INDIA,Shopping,
428,434.0,debit,Amazon India,1770489000000,AMAZON INDIA,Shopping,
429,310.0,debit,Amazon India,1770489000000,AMAZON INDIA,Shopping,
397,623.0,debit,FRESHTOHOME,1771353000000,FRESHTOHOME,Food & Dining,
368,1587.0,debit,Blinkit,1772389800000,BLINKIT,Groceries,
350,420.0,debit,Licious,1773167400000,LICIOUS,Food & Dining,
347,540.0,debit,Licious,1773253800000,LICIOUS,Food & Dining,
348,19.0,debit,Licious,1773253800000,LICIOUS,Food & Dining,
331,717.0,debit,RAMDEV MEDICAL,1773772200000,RAMDEV MEDICAL,Health,
329,951.0,debit,RAMDEV MEDICAL,1773858600000,RAMDEV MEDICAL,Health,
330,139.0,debit,RAMDEV MEDICAL,1773858600000,RAMDEV MEDICAL,Health,
327,562.33,debit,Myntra Designs Private Li,1774031400000,MYNTRA DESIGNS PRIVATE LI,Shopping,
324,748.0,debit,Licious,1774377000000,LICIOUS,Food & Dining,
291,773.0,debit,Amazon India,1775759400000,AMAZON INDIA,Shopping,
290,351.0,debit,Firstclub1,1775845800000,FIRSTCLUB,Groceries,
272,788.0,debit,Blinkit,1776969000000,BLINKIT,Groceries,
264,544.0,debit,SWIGGY INSTAMART PRIVATE,1778092200000,SWIGGY INSTAMART PRIVATE,Groceries,
260,1053.0,debit,Blinkit,1778697000000,BLINKIT,Groceries,
252,566.0,debit,Blinkit,1779388200000,BLINKIT,Groceries,
248,1100.0,debit,ASTER DM HEALTHCARE LIMIT,1779474600000,ASTER DM HEALTHCARE LIMIT,Health,
250,770.4,debit,Amazon India,1779474600000,AMAZON INDIA,Shopping,
242,436.0,debit,SWIGGY INSTAMART,1779733800000,SWIGGY INSTAMART PRIVATE,Groceries,
240,1649.0,debit,SWIGGY INSTAMART PRIVATE,1779906600000,SWIGGY INSTAMART PRIVATE,Groceries,
232,258.0,debit,FirstClub,1780165800000,FIRSTCLUB,Groceries,
235,821.0,debit,SWIGGY INSTAMART PRIVATE,1780165800000,SWIGGY INSTAMART PRIVATE,Groceries,
224,154.0,debit,MYNTRA DESIGNS PRIVATE LI,1780425000000,MYNTRA DESIGNS PRIVATE LI,Shopping,
222,360.0,debit,Blinkit,1780597800000,BLINKIT,Groceries,
212,990.0,debit,Blinkit,1780684200000,BLINKIT,Groceries,
213,1200.0,debit,ASTER DM HEALTHCARE LIMIT,1780684200000,ASTER DM HEALTHCARE LIMIT,Health,
217,1076.0,debit,Blinkit,1780684200000,BLINKIT,Groceries,
211,206.0,debit,MYNTRA DESIGNS PRIVATE LI,1780770600000,MYNTRA DESIGNS PRIVATE LI,Shopping,
208,408.0,debit,MYNTRA DESIGNS PRIVATE LI,1780943400000,MYNTRA DESIGNS PRIVATE LI,Shopping,
210,1232.0,debit,Blinkit,1780943400000,BLINKIT,Groceries,
207,650.0,debit,SWIGGY INSTAMART,1781029800000,SWIGGY INSTAMART PRIVATE,Groceries,
205,973.0,debit,SWIGGY INSTAMART PRIVATE,1781116200000,SWIGGY INSTAMART PRIVATE,Groceries,
206,300.0,debit,MYNTRA DESIGNS PRIVATE LI,1781116200000,MYNTRA DESIGNS PRIVATE LI,Shopping,
204,1079.0,debit,Firstclub1,1781289000000,FIRSTCLUB,Groceries,
195,1230.0,debit,BLINKIT COMMERCE PRIVATE,1781461800000,BLINKIT COMMERCE PRIVATE,Groceries,
199,488.0,debit,FirstClub,1781461800000,FIRSTCLUB,Groceries,
194,722.0,debit,Ramdev Medical,1781548200000,RAMDEV MEDICAL,Health,
188,240.0,debit,SWIGGY INSTAMART PRIVATE,1781634600000,SWIGGY INSTAMART PRIVATE,Groceries,
189,934.0,debit,Ramdev Medical,1781634600000,RAMDEV MEDICAL,Health,
191,1100.0,debit,ASTER DM HEALTHCARE LIMIT,1781634600000,ASTER DM HEALTHCARE LIMIT,Health,
186,549.0,debit,SWIGGY INSTAMART,1781721000000,SWIGGY INSTAMART PRIVATE,Groceries,
187,1052.0,debit,Blinkit,1781721000000,BLINKIT,Groceries,
184,241.0,debit,Blinkit,1781807400000,BLINKIT,Groceries,
185,3270.16,debit,Amazon India,1781807400000,AMAZON INDIA,Shopping,
183,1628.0,debit,Blinkit,1781980200000,BLINKIT,Groceries,
182,746.0,debit,SWIGGY INSTAMART PRIVATE,1782066600000,SWIGGY INSTAMART PRIVATE,Groceries,
171,779.0,debit,Blinkit,1782498600000,BLINKIT,Groceries,
173,399.0,debit,Blinkit,1782498600000,BLINKIT,Groceries,
170,467.0,debit,Firstclub1,1782671400000,FIRSTCLUB,Groceries,
165,1018.0,debit,SWIGGY INSTAMART,1782757800000,SWIGGY INSTAMART PRIVATE,Groceries,
164,707.0,debit,FirstClub,1782930600000,FIRSTCLUB,Groceries,
160,619.0,debit,SWIGGY INSTAMART,1783189800000,SWIGGY INSTAMART PRIVATE,Groceries,
161,774.0,debit,SWIGGY INSTAMART PRIVATE,1783189800000,SWIGGY INSTAMART PRIVATE,Groceries,
162,291.0,debit,Firstclub1,1783189800000,FIRSTCLUB,Groceries,
163,519.0,debit,Blinkit,1783189800000,BLINKIT,Groceries,
159,359.0,debit,FirstClub,1783276200000,FIRSTCLUB,Groceries,
158,405.0,debit,FirstClub,1783362600000,FIRSTCLUB,Groceries,
157,665.0,debit,FirstClub,1783449000000,FIRSTCLUB,Groceries,
155,832.0,debit,SWIGGY INSTAMART,1783535400000,SWIGGY INSTAMART PRIVATE,Groceries,
153,1588.0,debit,Blinkit,1783621800000,BLINKIT,Groceries,
149,710.0,debit,SWIGGY INSTAMART PRIVATE,1783794600000,SWIGGY INSTAMART PRIVATE,Groceries,
151,415.0,debit,Licious,1783794600000,LICIOUS,Food & Dining,
141,1712.0,debit,Amazon India,1783967400000,AMAZON INDIA,Shopping,
142,736.0,debit,FirstClub,1783967400000,FIRSTCLUB,Groceries,
137,347.02,debit,Amazon India,1784053800000,AMAZON INDIA,Shopping,
138,2690.0,debit,Amazon India,1784053800000,AMAZON INDIA,Shopping,
139,104.0,debit,Amazon India,1784053800000,AMAZON INDIA,Shopping,
140,1127.02,debit,Amazon India,1784053800000,AMAZON INDIA,Shopping,
136,1772.0,debit,Blinkit,1784140200000,BLINKIT,Groceries,
133,332.0,debit,Blinkit,1784226600000,BLINKIT,Groceries,
134,566.0,debit,FirstClub,1784226600000,FIRSTCLUB,Groceries,
130,627.0,debit,BLINKIT COMMERCE PRIVATE,1784399400000,BLINKIT COMMERCE PRIVATE,Groceries,
131,253.0,debit,FirstClub,1784399400000,FIRSTCLUB,Groceries,
129,1352.0,debit,FirstClub,1784485800000,FIRSTCLUB,Groceries,
126,889.0,debit,BLINKIT COMMERCE PRIVATE,1784745000000,BLINKIT COMMERCE PRIVATE,Groceries,
123,1456.0,debit,FirstClub,1784831400000,FIRSTCLUB,Groceries,
124,456.0,debit,FirstClub,1784831400000,FIRSTCLUB,Groceries,
125,861.0,debit,Blinkit,1784831400000,BLINKIT,Groceries,
122,474.0,debit,SWIGGY INSTAMART,1785004200000,SWIGGY INSTAMART PRIVATE,Groceries,
121,405.0,debit,Firstclub1,1785090600000,FIRSTCLUB,Groceries,
120,271.0,debit,Blinkit,1785177000000,BLINKIT,Groceries,
116,265.0,debit,Blinkit,1785263400000,BLINKIT,Groceries,
117,720.0,debit,Licious,1785263400000,LICIOUS,Food & Dining,
110,315.0,debit,Licious,1785349800000,LICIOUS,Food & Dining,
111,1200.0,debit,ASTER DM HEALTHCARE LTD,1785349800000,ASTER DM HEALTHCARE LIMIT,Health,
114,701.0,debit,FirstClub,1785349800000,FIRSTCLUB,Groceries,
115,978.0,debit,Blinkit,1785349800000,BLINKIT,Groceries,
109,699.0,debit,FirstClub,1785436200000,FIRSTCLUB,Groceries,
106,466.0,debit,Firstclub1,1785522600000,FIRSTCLUB,Groceries,
107,886.0,debit,SWIGGY INSTAMART PRIVATE,1785522600000,SWIGGY INSTAMART PRIVATE,Groceries,
108,876.0,debit,FirstClub,1785522600000,FIRSTCLUB,Groceries,
105,820.0,debit,Blinkit,1785609000000,BLINKIT,Groceries,
103,1225.0,debit,Blinkit,1785781800000,BLINKIT,Groceries,
104,459.0,debit,Ramdev Medical,1785781800000,RAMDEV MEDICAL,Health,
100,927.0,debit,SWIGGY INSTAMART PRIVATE,1785868200000,SWIGGY INSTAMART PRIVATE,Groceries,
101,973.0,debit,Blinkit,1785868200000,BLINKIT,Groceries,
97,659.0,debit,Blinkit,1786041000000,BLINKIT,Groceries,
98,410.0,debit,FirstClub,1786041000000,FIRSTCLUB,Groceries,
90,545.0,debit,ASTER DM HEALTHCARE LIMIT,1786127400000,ASTER DM HEALTHCARE LIMIT,Health,
92,1050.0,debit,ASTER DM HEALTHCARE LIMIT,1786127400000,ASTER DM HEALTHCARE LIMIT,Health,
94,341.0,debit,Blinkit,1786127400000,BLINKIT,Groceries,
95,465.0,debit,Licious,1786127400000,LICIOUS,Food & Dining,
96,880.0,debit,FirstClub,1786127400000,FIRSTCLUB,Groceries,
89,557.0,debit,Zepto Marketplace Private,1786213800000,ZEPTO MARKETPLACE PRIVATE,Groceries,
86,535.0,debit,SWIGGY INSTAMART PRIVATE,1786300200000,SWIGGY INSTAMART PRIVATE,Groceries,
87,595.0,debit,FirstClub,1786300200000,FIRSTCLUB,Groceries,
88,464.0,debit,Blinkit,1786300200000,BLINKIT,Groceries,
79,1020.0,debit,BLINKIT COMMERCE PRIVATE,1786473000000,BLINKIT COMMERCE PRIVATE,Groceries,
80,521.0,debit,Blinkit,1786473000000,BLINKIT,Groceries,
81,319.0,debit,FirstClub,1786473000000,FIRSTCLUB,Groceries,
78,572.0,debit,Ramdev Medical,1786559400000,RAMDEV MEDICAL,Health,
73,970.0,debit,SWIGGY INSTAMART PRIVATE,1786645800000,SWIGGY INSTAMART PRIVATE,Groceries,
74,272.0,debit,FRESHTOHOME,1786645800000,FRESHTOHOME,Food & Dining,
75,562.0,debit,Licious,1786645800000,LICIOUS,Food & Dining,
76,384.0,debit,Blinkit,1786645800000,BLINKIT,Groceries,
72,811.0,debit,SWIGGY INSTAMART PRIVATE,1786732200000,SWIGGY INSTAMART PRIVATE,Groceries,
69,965.0,debit,Blinkit,1786818600000,BLINKIT,Groceries,
70,644.0,debit,Blinkit,1786818600000,BLINKIT,Groceries,
66,1506.0,debit,Blinkit,1786991400000,BLINKIT,Groceries,
65,412.0,debit,SWIGGY INSTAMART,1787077800000,SWIGGY INSTAMART PRIVATE,Groceries,
60,537.0,debit,BLINKIT COMMERCE PRIVATE,1787250600000,BLINKIT COMMERCE PRIVATE,Groceries,
61,861.0,debit,FirstClub,1787250600000,FIRSTCLUB,Groceries,
50,637.0,debit,Blinkit,1787423400000,BLINKIT,Groceries,
52,801.0,debit,Blinkit,1787423400000,BLINKIT,Groceries,
53,1077.0,debit,Firstclub1,1787423400000,FIRSTCLUB,Groceries,
54,1024.83,debit,MYNTRA DESIGNS PRIVATE LI,1787423400000,MYNTRA DESIGNS PRIVATE LI,Shopping,
45,1003.0,debit,Blinkit,1787509800000,BLINKIT,Groceries,
46,638.0,debit,Ramdev Medical,1787509800000,RAMDEV MEDICAL,Health,
47,378.0,debit,SWIGGY INSTAMART PRIVATE,1787509800000,SWIGGY INSTAMART PRIVATE,Groceries,
42,896.0,debit,BLINKIT COMMERCE PRIVATE,1787596200000,BLINKIT COMMERCE PRIVATE,Groceries,
39,287.0,debit,MYNTRA DESIGNS PRIVATE LI,1787769000000,MYNTRA DESIGNS PRIVATE LI,Shopping,
40,226.0,debit,MYNTRA DESIGNS PRIVATE LI,1787769000000,MYNTRA DESIGNS PRIVATE LI,Shopping,
37,308.0,debit,WWW MYNTRA COM,1787855400000,WWW MYNTRA COM,Shopping,
38,435.0,debit,Blinkit,1787855400000,BLINKIT,Groceries,
31,716.0,debit,Blinkit,1788028200000,BLINKIT,Groceries,
32,34.0,debit,Blinkit,1788028200000,BLINKIT,Groceries,
33,726.0,debit,Blinkit,1788028200000,BLINKIT,Groceries,
34,506.0,debit,FRESHTOHOME,1788028200000,FRESHTOHOME,Food & Dining,
35,388.0,debit,SWIGGY INSTAMART,1788028200000,SWIGGY INSTAMART PRIVATE,Groceries,
27,1177.0,debit,Blinkit,1788201000000,BLINKIT,Groceries,
28,487.0,debit,Blinkit,1788201000000,BLINKIT,Groceries,
21,179.0,debit,Ramdev Medical,1788287400000,RAMDEV MEDICAL,Health,
22,909.0,debit,Blinkit,1788287400000,BLINKIT,Groceries,
15,326.0,debit,FirstClub,1788373800000,FIRSTCLUB,Groceries,
13,841.0,debit,Blinkit,1788460200000,BLINKIT,Groceries,
8,302.0,debit,SWIGGY INSTAMART PRIVATE,1788546600000,SWIGGY INSTAMART PRIVATE,Groceries,
11,517.0,debit,SWIGGY INSTAMART PRIVATE,1788546600000,SWIGGY INSTAMART PRIVATE,Groceries,
2,770.0,debit,SWIGGY INSTAMART PRIVATE,1788805800000,SWIGGY INSTAMART PRIVATE,Groceries,
1,542.0,debit,SWIGGY INSTAMART PRIVATE,1788892200000,SWIGGY INSTAMART PRIVATE,Groceries,
